id,vote
1,Certain to vote
2,Certain to vote
3,Certain to vote
4,Certain to vote
5,Probably will not vote
6,Certain to vote
7,Will probably vote
8,Not sure
9,Not sure
10,About 50/50 chance
11,Certain to vote
12,Will probably vote
13,Certain to vote
14,Certain to vote
15,Certain to vote
16,Certain to vote
17,Certain to vote
18,Certain to vote
19,Certain to vote
20,Certain to vote
21,Certain to vote
22,Certain to vote
23,Certain to vote
24,Certain to vote
25,Certain to vote
26,Certain to vote
27,Certain to vote
28,Will probably vote
29,Certain to vote
30,Will probably vote
31,Certain to vote
32,Certain to vote
33,Will probably vote
34,Will probably vote
35,Certain to vote
36,Certain to vote
37,Certain to vote
38,Certain to vote
39,Will probably vote
40,Certain to vote
41,Certain to vote
42,Will probably vote
43,Certain to vote
44,Certain to vote
45,About 50/50 chance
46,Certain to vote
47,Probably will not vote
48,Certain to vote
49,Will probably vote
50,Certain to vote
51,Not sure
52,Certain to vote
53,Certain to vote
54,Certain to vote
55,Certain to vote
56,Certain to vote
57,About 50/50 chance
58,Certain to vote
59,Certain to vote
60,Certain to vote
61,Certain to vote
62,Certain to vote
63,Certain to vote
64,Will probably vote
65,Will probably vote
66,Certain to vote
67,Certain to vote
68,Will probably vote
69,Certain to vote
70,Certain to vote
71,Certain to vote
72,Probably will not vote
73,Certain to vote
74,About 50/50 chance
75,Not sure
76,Certain to vote
77,Certain to vote
78,Certain to vote
79,About 50/50 chance
80,Certain to vote
81,Certain to vote
82,About 50/50 chance
83,Certain to vote
84,Certain to vote
85,About 50/50 chance
86,Certain to vote
87,Certain to vote
88,Will probably vote
89,Certain to vote
90,About 50/50 chance
91,About 50/50 chance
92,Will probably vote
93,Certain to vote
94,Probably will not vote
95,Will probably vote
96,Certain to vote
97,About 50/50 chance
98,Certain to vote
99,Probably will not vote
100,Certain to vote
101,Probably will not vote
102,Will probably vote
103,Will probably vote
104,Will probably vote
105,Certain to vote
106,Certain to vote
107,Certain to vote
108,Certain to vote
109,Will probably vote
110,Will probably vote
111,Certain to vote
112,About 50/50 chance
113,Certain to vote
114,Certain to vote
115,Certain to vote
116,Certain to vote
117,Certain to vote
118,Certain to vote
119,Certain to vote
120,Certain to vote
121,Certain to vote
122,Certain to vote
123,Will probably vote
124,Will probably vote
125,Certain to vote
126,Certain to vote
127,Certain to vote
128,Certain to vote
129,Certain to vote
130,Certain to vote
131,Certain to vote
132,Certain to vote
133,Certain to vote
134,About 50/50 chance
135,Certain to vote
136,Certain to vote
137,Certain to vote
138,Certain to vote
139,Will probably vote
140,Certain to vote
141,Certain to vote
142,Certain to vote
143,Will probably vote
144,Certain to vote
145,Will probably vote
146,Certain to vote
147,Certain to vote
148,Certain to vote
149,Certain to vote
150,Certain to vote
151,Certain to vote
152,About 50/50 chance
153,Certain to vote
154,Certain to vote
155,Certain to vote
156,Certain to vote
157,Certain to vote
158,About 50/50 chance
159,Certain to vote
160,Certain to vote
161,Will probably vote
162,Certain to vote
163,About 50/50 chance
164,Certain to vote
165,Will probably vote
166,Certain to vote
167,Will probably vote
168,About 50/50 chance
169,Certain to vote
170,Certain to vote
171,Certain to vote
172,Certain to vote
173,Certain to vote
174,Probably will not vote
175,Certain to vote
176,Certain to vote
177,Will probably vote
178,Certain to vote
179,About 50/50 chance
180,Will probably vote
181,About 50/50 chance
182,About 50/50 chance
183,Certain to vote
184,Certain to vote
185,About 50/50 chance
186,Certain to vote
187,Certain to vote
188,Certain to vote
189,Certain to vote
190,About 50/50 chance
191,Certain to vote
192,Certain to vote
193,Certain to vote
194,Will probably vote
195,Certain to vote
196,Will probably vote
197,About 50/50 chance
198,Certain to vote
199,About 50/50 chance
200,Not sure
201,About 50/50 chance
202,About 50/50 chance
203,About 50/50 chance
204,Certain to vote
205,Certain to vote
206,Certain to vote
207,Certain to vote
208,Certain to vote
209,About 50/50 chance
210,Certain to vote
211,Will probably vote
212,Not sure
213,Will probably vote
214,Certain to vote
215,Probably will not vote
216,Certain to vote
217,Will probably vote
218,Certain to vote
219,About 50/50 chance
220,Certain to vote
221,Certain to vote
222,Certain to vote
223,Will probably vote
224,About 50/50 chance
225,Certain to vote
226,Certain to vote
227,Probably will not vote
228,Certain to vote
229,Certain to vote
230,Certain to vote
231,Certain to vote
232,Probably will not vote
233,Probably will not vote
234,Certain to vote
235,About 50/50 chance
236,Certain to vote
237,Will probably vote
238,Certain to vote
239,Certain to vote
240,Certain to vote
241,About 50/50 chance
242,Will probably vote
243,Certain to vote
244,Certain to vote
245,Certain to vote
246,Certain to vote
247,Certain to vote
248,Will probably vote
249,Certain to vote
250,Certain to vote
251,Certain to vote
252,Probably will not vote
253,Certain to vote
254,Certain to vote
255,Certain to vote
256,Certain to vote
257,Certain to vote
258,Certain to vote
259,Will probably vote
260,Certain to vote
261,Certain to vote
262,Certain to vote
263,Certain to vote
264,About 50/50 chance
265,Will probably vote
266,Certain to vote
267,Certain to vote
268,Will probably vote
269,Certain to vote
270,Certain to vote
271,Certain to vote
272,Will probably vote
273,Certain to vote
274,Certain to vote
275,About 50/50 chance
276,Certain to vote
277,Certain to vote
278,Will probably vote
279,Will probably vote
280,Certain to vote
281,Not sure
282,Certain to vote
283,Certain to vote
284,Certain to vote
285,Certain to vote
286,Will probably vote
287,Will probably vote
288,Certain to vote
289,Probably will not vote
290,Certain to vote
291,Certain to vote
292,Certain to vote
293,Certain to vote
294,Certain to vote
295,Certain to vote
296,Certain to vote
297,Certain to vote
298,Will probably vote
299,Certain to vote
300,Certain to vote
301,Certain to vote
302,Certain to vote
303,Will probably vote
304,About 50/50 chance
305,Certain to vote
306,Certain to vote
307,About 50/50 chance
308,Certain to vote
309,Certain to vote
310,About 50/50 chance
311,Certain to vote
312,Certain to vote
313,Certain to vote
314,Will probably vote
315,Certain to vote
316,Certain to vote
317,About 50/50 chance
318,Will probably vote
319,Certain to vote
320,Will probably vote
321,Certain to vote
322,Certain to vote
323,Certain to vote
324,Certain to vote
325,Certain to vote
326,Certain to vote
327,Certain to vote
328,Certain to vote
329,Certain to vote
330,Certain to vote
331,Will probably vote
332,About 50/50 chance
333,Will probably vote
334,Certain to vote
335,About 50/50 chance
336,Certain to vote
337,Certain to vote
338,Certain to vote
339,Will probably vote
340,Certain to vote
341,Certain to vote
342,Certain to vote
343,Certain to vote
344,Certain to vote
345,Certain to vote
346,Certain to vote
347,Certain to vote
348,Will probably vote
349,Certain to vote
350,Probably will not vote
351,Certain to vote
352,Certain to vote
353,Certain to vote
354,Certain to vote
355,Certain to vote
356,Certain to vote
357,Certain to vote
358,Certain to vote
359,Certain to vote
360,Certain to vote
361,Will probably vote
362,Certain to vote
363,Certain to vote
364,Certain to vote
365,Certain to vote
366,Certain to vote
367,Certain to vote
368,Certain to vote
369,Certain to vote
370,Will probably vote
371,Certain to vote
372,Certain to vote
373,Certain to vote
374,Certain to vote
375,Certain to vote
376,Certain to vote
377,About 50/50 chance
378,Will probably vote
379,Certain to vote
380,Certain to vote
381,Will probably vote
382,About 50/50 chance
383,Will probably vote
384,Certain to vote
385,Certain to vote
386,Certain to vote
387,About 50/50 chance
388,Certain to vote
389,Certain to vote
390,Certain to vote
391,Certain to vote
392,Certain to vote
393,Certain to vote
394,Will probably vote
395,About 50/50 chance
396,Certain to vote
397,Certain to vote
398,Certain to vote
399,About 50/50 chance
400,Certain to vote
401,Certain to vote
402,Will probably vote
403,Certain to vote
404,Certain to vote
405,About 50/50 chance
406,Certain to vote
407,Certain to vote
408,Will probably vote
409,Will probably vote
410,Certain to vote
411,Certain to vote
412,Certain to vote
413,Certain to vote
414,Certain to vote
415,About 50/50 chance
416,Certain to vote
417,Certain to vote
418,About 50/50 chance
419,Certain to vote
420,About 50/50 chance
421,Certain to vote
422,Certain to vote
423,Certain to vote
424,Certain to vote
425,Will probably vote
426,Certain to vote
427,Certain to vote
428,Certain to vote
429,Certain to vote
430,Will probably vote
431,About 50/50 chance
432,Certain to vote
433,Certain to vote
434,Certain to vote
435,Will probably vote
436,Certain to vote
437,Certain to vote
438,About 50/50 chance
439,Certain to vote
440,Certain to vote
441,Certain to vote
442,Certain to vote
443,Certain to vote
444,Certain to vote
445,Certain to vote
446,Certain to vote
447,Certain to vote
448,Certain to vote
449,Certain to vote
450,Certain to vote
451,About 50/50 chance
452,Certain to vote
453,About 50/50 chance
454,Certain to vote
455,Certain to vote
456,Certain to vote
457,Will probably vote
458,Certain to vote
459,Probably will not vote
460,Certain to vote
461,Certain to vote
462,Certain to vote
463,Certain to vote
464,Certain to vote
465,Will probably vote
466,Will probably vote
467,About 50/50 chance
468,Will probably vote
469,Certain to vote
470,Certain to vote
471,Certain to vote
472,Certain to vote
473,About 50/50 chance
474,Certain to vote
475,Will probably vote
476,About 50/50 chance
477,Will probably vote
478,Certain to vote
479,Certain to vote
480,Certain to vote
481,Certain to vote
482,Will probably vote
483,Certain to vote
484,Certain to vote
485,Certain to vote
486,Will probably vote
487,Certain to vote
488,Will probably vote
489,Certain to vote
490,Will probably vote
491,Not sure
492,About 50/50 chance
493,Certain to vote
494,Certain to vote
495,Certain to vote
496,Will probably vote
497,Certain to vote
498,Will probably vote
499,Certain to vote
500,Certain to vote
501,Certain to vote
502,Certain to vote
503,Probably will not vote
504,Certain to vote
505,Probably will not vote
506,Certain to vote
507,Will probably vote
508,Certain to vote
509,About 50/50 chance
510,Certain to vote
511,Certain to vote
512,Will probably vote
513,Will probably vote
514,Certain to vote
515,Will probably vote
516,Not sure
517,Certain to vote
518,Certain to vote
519,Certain to vote
520,Certain to vote
521,Certain to vote
522,About 50/50 chance
523,Will probably vote
524,Certain to vote
525,About 50/50 chance
526,Certain to vote
527,Certain to vote
528,Certain to vote
529,Certain to vote
530,Certain to vote
531,Probably will not vote
532,About 50/50 chance
533,Certain to vote
534,Will probably vote
535,Will probably vote
536,Certain to vote
537,Certain to vote
538,Certain to vote
539,Certain to vote
540,Probably will not vote
541,Certain to vote
542,Certain to vote
543,Certain to vote
544,Will probably vote
545,Certain to vote
546,Certain to vote
547,Certain to vote
548,Certain to vote
549,Certain to vote
550,Certain to vote
551,Certain to vote
552,Certain to vote
553,Certain to vote
554,Certain to vote
555,Certain to vote
556,Certain to vote
557,Will probably vote
558,Certain to vote
559,Certain to vote
560,Certain to vote
561,About 50/50 chance
562,Certain to vote
563,Certain to vote
564,Certain to vote
565,Certain to vote
566,Certain to vote
567,Certain to vote
568,About 50/50 chance
569,Certain to vote
570,Certain to vote
571,About 50/50 chance
572,Certain to vote
573,Certain to vote
574,Certain to vote
575,Certain to vote
576,About 50/50 chance
577,Certain to vote
578,Certain to vote
579,Certain to vote
580,Certain to vote
581,Certain to vote
582,Certain to vote
583,Certain to vote
584,Will probably vote
585,Certain to vote
586,Certain to vote
587,Will probably vote
588,Certain to vote
589,Certain to vote
590,Certain to vote
591,Certain to vote
592,Certain to vote
593,Probably will not vote
594,Will probably vote
595,Certain to vote
596,Certain to vote
597,Certain to vote
598,Certain to vote
599,Certain to vote
600,Certain to vote
601,About 50/50 chance
602,Probably will not vote
603,Probably will not vote
604,Certain to vote
605,Certain to vote
606,Certain to vote
607,About 50/50 chance
608,Certain to vote
609,Certain to vote
610,Will probably vote
611,Certain to vote
612,Certain to vote
613,Certain to vote
614,Will probably vote
615,Certain to vote
616,Will probably vote
617,About 50/50 chance
618,Certain to vote
619,Certain to vote
620,Certain to vote
621,Certain to vote
622,Certain to vote
623,Certain to vote
624,Certain to vote
625,Certain to vote
626,Certain to vote
627,Certain to vote
628,Certain to vote
629,About 50/50 chance
630,Certain to vote
631,Will probably vote
632,Certain to vote
633,Certain to vote
634,Will probably vote
635,Certain to vote
636,Certain to vote
637,Certain to vote
638,Certain to vote
639,Certain to vote
640,Certain to vote
641,About 50/50 chance
642,Certain to vote
643,Certain to vote
644,Certain to vote
645,Certain to vote
646,Probably will not vote
647,Certain to vote
648,Certain to vote
649,Certain to vote
650,Certain to vote
651,Will probably vote
652,Certain to vote
653,Certain to vote
654,Certain to vote
655,Will probably vote
656,Certain to vote
657,About 50/50 chance
658,Certain to vote
659,About 50/50 chance
660,Certain to vote
661,Certain to vote
662,Certain to vote
663,Certain to vote
664,Certain to vote
665,Certain to vote
666,Certain to vote
667,Certain to vote
668,Certain to vote
669,Will probably vote
670,Certain to vote
671,Certain to vote
672,About 50/50 chance
673,Certain to vote
674,Certain to vote
675,Certain to vote
676,Certain to vote
677,About 50/50 chance
678,Certain to vote
679,Certain to vote
680,About 50/50 chance
681,Certain to vote
682,Certain to vote
683,Certain to vote
684,Certain to vote
685,Certain to vote
686,Will probably vote
687,Certain to vote
688,Certain to vote
689,About 50/50 chance
690,Certain to vote
691,Certain to vote
692,Will probably vote
693,Certain to vote
694,About 50/50 chance
695,Certain to vote
696,Certain to vote
697,Certain to vote
698,Certain to vote
699,Will probably vote
700,Certain to vote
701,Certain to vote
702,About 50/50 chance
703,About 50/50 chance
704,Certain to vote
705,Certain to vote
706,Certain to vote
707,Certain to vote
708,Probably will not vote
709,Certain to vote
710,Certain to vote
711,Will probably vote
712,Certain to vote
713,Certain to vote
714,Certain to vote
715,Certain to vote
716,Certain to vote
717,Certain to vote
718,Certain to vote
719,Probably will not vote
720,Certain to vote
721,Will probably vote
722,Certain to vote
723,Certain to vote
724,Certain to vote
725,Probably will not vote
726,Certain to vote
727,Will probably vote
728,Certain to vote
729,Certain to vote
730,Certain to vote
731,Certain to vote
732,Certain to vote
733,Certain to vote
734,Certain to vote
735,About 50/50 chance
736,Certain to vote
737,Probably will not vote
738,Certain to vote
739,Certain to vote
740,Certain to vote
741,Certain to vote
742,Certain to vote
743,Will probably vote
744,Will probably vote
745,Certain to vote
746,About 50/50 chance
747,About 50/50 chance
748,Certain to vote
749,Will probably vote
750,About 50/50 chance
751,Certain to vote
752,About 50/50 chance
753,About 50/50 chance
754,Certain to vote
755,Certain to vote
756,Certain to vote
757,Certain to vote
758,Certain to vote
759,Certain to vote
760,Certain to vote
761,About 50/50 chance
762,Certain to vote
763,Certain to vote
764,Certain to vote
765,Certain to vote
766,Certain to vote
767,Certain to vote
768,Certain to vote
769,Will probably vote
770,Certain to vote
771,Certain to vote
772,Certain to vote
773,Certain to vote
774,Certain to vote
775,Certain to vote
776,Certain to vote
777,Certain to vote
778,Certain to vote
779,Certain to vote
780,Certain to vote
781,Certain to vote
782,Certain to vote
783,Certain to vote
784,Certain to vote
785,Certain to vote
786,Certain to vote
787,Certain to vote
788,Certain to vote
789,Certain to vote
790,Certain to vote
791,Certain to vote
792,Certain to vote
793,Certain to vote
794,Certain to vote
795,Certain to vote
796,Certain to vote
797,About 50/50 chance
798,Will probably vote
799,Certain to vote
800,Certain to vote
801,Certain to vote
802,Will probably vote
803,About 50/50 chance
804,Certain to vote
805,Will probably vote
806,Certain to vote
807,About 50/50 chance
808,Certain to vote
809,About 50/50 chance
810,Probably will not vote
811,Certain to vote
812,Certain to vote
813,Certain to vote
814,Certain to vote
815,Probably will not vote
816,Certain to vote
817,About 50/50 chance
818,Certain to vote
819,Certain to vote
820,Certain to vote
821,Certain to vote
822,About 50/50 chance
823,Certain to vote
824,Certain to vote
825,Certain to vote
826,Will probably vote
827,Certain to vote
828,Certain to vote
829,Certain to vote
830,Certain to vote
831,Certain to vote
832,Certain to vote
833,Certain to vote
834,Certain to vote
835,Certain to vote
836,Probably will not vote
837,Certain to vote
838,About 50/50 chance
839,Will probably vote
840,Certain to vote
841,Certain to vote
842,Certain to vote
843,About 50/50 chance
844,Certain to vote
845,Certain to vote
846,Certain to vote
847,About 50/50 chance
848,About 50/50 chance
849,Certain to vote
850,Certain to vote
851,Will probably vote
852,Certain to vote
853,Certain to vote
854,Certain to vote
855,Certain to vote
856,Certain to vote
857,Certain to vote
858,Certain to vote
859,Certain to vote
860,Certain to vote
861,Certain to vote
862,Will probably vote
863,Certain to vote
864,About 50/50 chance
865,Certain to vote
866,Certain to vote
867,Certain to vote
868,Certain to vote
869,Certain to vote
870,Certain to vote
871,Certain to vote
872,Certain to vote
873,Probably will not vote
874,Certain to vote
875,Certain to vote
876,Certain to vote
877,Certain to vote
878,Certain to vote
879,About 50/50 chance
880,Will probably vote
881,About 50/50 chance
882,Will probably vote
883,Certain to vote
884,About 50/50 chance
885,Probably will not vote
886,Certain to vote
887,About 50/50 chance
888,Certain to vote
889,Will probably vote
890,Certain to vote
891,Certain to vote
892,About 50/50 chance
893,Certain to vote
894,Certain to vote
895,Certain to vote
896,Certain to vote
897,Certain to vote
898,Certain to vote
899,Certain to vote
900,Will probably vote
901,Certain to vote
902,Certain to vote
903,Certain to vote
904,About 50/50 chance
905,Certain to vote
906,Certain to vote
907,Certain to vote
908,Will probably vote
909,Certain to vote
910,Certain to vote
911,Will probably vote
912,Certain to vote
913,Certain to vote
914,Certain to vote
915,Certain to vote
916,Will probably vote
917,Certain to vote
918,Certain to vote
919,Certain to vote
920,Certain to vote
921,Certain to vote
922,Certain to vote
923,Certain to vote
924,About 50/50 chance
925,Certain to vote
926,Certain to vote
927,Certain to vote
928,Certain to vote
929,Certain to vote
930,Certain to vote
931,Probably will not vote
932,Certain to vote
933,Will probably vote
934,Certain to vote
935,Will probably vote
936,Certain to vote
937,Certain to vote
938,About 50/50 chance
939,Will probably vote
940,Certain to vote
941,Certain to vote
942,Will probably vote
943,Certain to vote
944,Certain to vote
945,Certain to vote
946,Certain to vote
947,Certain to vote
948,Certain to vote
949,Will probably vote
950,Certain to vote
951,Certain to vote
952,Certain to vote
953,Certain to vote
954,Certain to vote
955,Certain to vote
956,Certain to vote
957,Certain to vote
958,Certain to vote
959,Will probably vote
960,Will probably vote
961,Certain to vote
962,Will probably vote
963,Certain to vote
964,Will probably vote
965,Certain to vote
966,Certain to vote
967,Certain to vote
968,Certain to vote
969,Certain to vote
970,Certain to vote
971,Certain to vote
972,Certain to vote
973,Certain to vote
974,Not sure
975,Certain to vote
976,Certain to vote
977,Certain to vote
978,Certain to vote
979,Certain to vote
980,Certain to vote
981,Certain to vote
982,Will probably vote
983,Certain to vote
984,Certain to vote
985,About 50/50 chance
986,Certain to vote
987,Certain to vote
988,Certain to vote
989,Certain to vote
990,About 50/50 chance
991,Will probably vote
992,About 50/50 chance
993,Will probably vote
994,Will probably vote
995,Certain to vote
996,Certain to vote
997,Certain to vote
998,Certain to vote
999,Certain to vote
1000,Probably will not vote
1001,Certain to vote
1002,Certain to vote
1003,Certain to vote
1004,Certain to vote
1005,Will probably vote
1006,Will probably vote
1007,Certain to vote
1008,Certain to vote
1009,Certain to vote
1010,Certain to vote
1011,Certain to vote
1012,Certain to vote
1013,Certain to vote
1014,Certain to vote
1015,Certain to vote
1016,Certain to vote
1017,Certain to vote
1018,Certain to vote
1019,Certain to vote
1020,Will probably vote
1021,Certain to vote
1022,Certain to vote
1023,Certain to vote
1024,Certain to vote
1025,Certain to vote
1026,Will probably vote
1027,Certain to vote
1028,Probably will not vote
1029,Will probably vote
1030,Will probably vote
1031,Will probably vote
1032,Certain to vote
1033,Certain to vote
1034,Certain to vote
1035,About 50/50 chance
1036,Certain to vote
1037,Probably will not vote
1038,Will probably vote
1039,About 50/50 chance
1040,Certain to vote
1041,Certain to vote
1042,About 50/50 chance
1043,Certain to vote
1044,Certain to vote
1045,Certain to vote
1046,Will probably vote
1047,Will probably vote
1048,Certain to vote
1049,Probably will not vote
1050,Certain to vote
1051,Certain to vote
1052,Certain to vote
1053,Certain to vote
1054,Certain to vote
1055,Probably will not vote
1056,Certain to vote
1057,Certain to vote
1058,Certain to vote
1059,Certain to vote
1060,Certain to vote
1061,Will probably vote
1062,Certain to vote
1063,Certain to vote
1064,Certain to vote
1065,Certain to vote
1066,Will probably vote
1067,Will probably vote
1068,Certain to vote
1069,Probably will not vote
1070,Certain to vote
1071,Certain to vote
1072,Certain to vote
1073,Certain to vote
1074,Certain to vote
1075,Probably will not vote
1076,Certain to vote
1077,About 50/50 chance
1078,Certain to vote
1079,Certain to vote
1080,Certain to vote
1081,Certain to vote
1082,About 50/50 chance
1083,Will probably vote
1084,Certain to vote
1085,Certain to vote
1086,Certain to vote
1087,Certain to vote
1088,About 50/50 chance
1089,Certain to vote
1090,Certain to vote
1091,Certain to vote
1092,Will probably vote
1093,About 50/50 chance
1094,Will probably vote
1095,Certain to vote
1096,Certain to vote
1097,Certain to vote
1098,Certain to vote
1099,Certain to vote
1100,Certain to vote
1101,Certain to vote
1102,Certain to vote
1103,Certain to vote
1104,Certain to vote
1105,Certain to vote
1106,Certain to vote
1107,About 50/50 chance
1108,Certain to vote
1109,Certain to vote
1110,About 50/50 chance
1111,Will probably vote
1112,Certain to vote
1113,Certain to vote
1114,Certain to vote
1115,Certain to vote
1116,Will probably vote
1117,Certain to vote
1118,Will probably vote
1119,Will probably vote
1120,Certain to vote
1121,Certain to vote
1122,Certain to vote
1123,Certain to vote
1124,Certain to vote
1125,Certain to vote
1126,Certain to vote
1127,Will probably vote
1128,Certain to vote
1129,Certain to vote
1130,Certain to vote
1131,Will probably vote
1132,Certain to vote
1133,Certain to vote
1134,Certain to vote
1135,Certain to vote
1136,Certain to vote
1137,Certain to vote
1138,Certain to vote
1139,Certain to vote
1140,Certain to vote
1141,About 50/50 chance
1142,Certain to vote
1143,About 50/50 chance
1144,Certain to vote
1145,Certain to vote
1146,Certain to vote
1147,Certain to vote
1148,Certain to vote
1149,Certain to vote
1150,Certain to vote
1151,Certain to vote
1152,Certain to vote
1153,Not sure
1154,Will probably vote
1155,Certain to vote
1156,Certain to vote
1157,Will probably vote
1158,Will probably vote
1159,Probably will not vote
1160,Certain to vote
1161,About 50/50 chance
1162,Certain to vote
1163,Certain to vote
1164,Certain to vote
1165,About 50/50 chance
1166,Certain to vote
1167,Will probably vote
1168,Certain to vote
1169,Certain to vote
1170,Certain to vote
1171,About 50/50 chance
1172,Certain to vote
1173,About 50/50 chance
1174,Will probably vote
1175,Certain to vote
1176,About 50/50 chance
1177,Certain to vote
1178,Certain to vote
1179,Certain to vote
1180,Certain to vote
1181,Certain to vote
1182,Certain to vote
1183,Will probably vote
1184,Certain to vote
1185,Certain to vote
1186,Certain to vote
1187,Certain to vote
1188,Will probably vote
1189,Certain to vote
1190,Certain to vote
1191,Certain to vote
1192,Certain to vote
1193,Certain to vote
1194,Certain to vote
1195,Will probably vote
1196,Probably will not vote
1197,Certain to vote
1198,About 50/50 chance
1199,Certain to vote
1200,Will probably vote
1201,Will probably vote
1202,About 50/50 chance
1203,Certain to vote
1204,About 50/50 chance
1205,Certain to vote
1206,Certain to vote
1207,Certain to vote
1208,Certain to vote
1209,Certain to vote
1210,Will probably vote
1211,Certain to vote
1212,About 50/50 chance
1213,Certain to vote
1214,Certain to vote
1215,About 50/50 chance
1216,About 50/50 chance
1217,Certain to vote
1218,Certain to vote
1219,Certain to vote
1220,Certain to vote
1221,Certain to vote
1222,Certain to vote
1223,Certain to vote
1224,Will probably vote
1225,Will probably vote
1226,Certain to vote
1227,Certain to vote
1228,Will probably vote
1229,About 50/50 chance
1230,Certain to vote
1231,Will probably vote
1232,Probably will not vote
1233,Certain to vote
1234,Will probably vote
1235,Will probably vote
1236,Will probably vote
1237,Certain to vote
1238,Certain to vote
1239,Certain to vote
1240,Certain to vote
1241,Certain to vote
1242,Certain to vote
1243,Certain to vote
1244,Probably will not vote
1245,Certain to vote
1246,Certain to vote
1247,Certain to vote
1248,Certain to vote
1249,Certain to vote
1250,Certain to vote
1251,Certain to vote
1252,Will probably vote
1253,Certain to vote
1254,About 50/50 chance
1255,Certain to vote
1256,Certain to vote
1257,Certain to vote
1258,About 50/50 chance
1259,Certain to vote
1260,Certain to vote
1261,Certain to vote
1262,About 50/50 chance
1263,About 50/50 chance
1264,Certain to vote
1265,Certain to vote
1266,About 50/50 chance
1267,Certain to vote
1268,Will probably vote
1269,Certain to vote
1270,About 50/50 chance
1271,Will probably vote
1272,About 50/50 chance
1273,Not sure
1274,Will probably vote
1275,Certain to vote
1276,About 50/50 chance
1277,About 50/50 chance
1278,Certain to vote
1279,Certain to vote
1280,Certain to vote
1281,Certain to vote
1282,Certain to vote
1283,About 50/50 chance
1284,Certain to vote
1285,Certain to vote
1286,Certain to vote
1287,Certain to vote
1288,Certain to vote
1289,Certain to vote
1290,Certain to vote
1291,About 50/50 chance
1292,Probably will not vote
1293,About 50/50 chance
1294,Certain to vote
1295,Not sure
1296,About 50/50 chance
1297,Certain to vote
1298,Will probably vote
1299,Certain to vote
1300,Certain to vote
1301,Certain to vote
1302,Certain to vote
1303,Certain to vote
1304,Certain to vote
1305,Will probably vote
1306,Certain to vote
1307,Will probably vote
1308,Certain to vote
1309,Certain to vote
1310,Will probably vote
1311,Certain to vote
1312,Will probably vote
1313,Certain to vote
1314,Certain to vote
1315,Certain to vote
1316,Certain to vote
1317,Certain to vote
1318,Certain to vote
1319,Certain to vote
1320,Certain to vote
1321,Probably will not vote
1322,Will probably vote
1323,Certain to vote
1324,Certain to vote
1325,Not sure
1326,Certain to vote
1327,Will probably vote
1328,Certain to vote
1329,Will probably vote
1330,Certain to vote
1331,Certain to vote
1332,Will probably vote
1333,Certain to vote
1334,Certain to vote
1335,About 50/50 chance
1336,Certain to vote
1337,Certain to vote
1338,Will probably vote
1339,Not sure
1340,Certain to vote
1341,Will probably vote
1342,Certain to vote
1343,Certain to vote
1344,Certain to vote
1345,Certain to vote
1346,Certain to vote
1347,Certain to vote
1348,Certain to vote
1349,About 50/50 chance
1350,Certain to vote
1351,Certain to vote
1352,Certain to vote
1353,Certain to vote
1354,Certain to vote
1355,Certain to vote
1356,Certain to vote
1357,Certain to vote
1358,Will probably vote
1359,Not sure
1360,Certain to vote
1361,Certain to vote
1362,Certain to vote
1363,Certain to vote
1364,Certain to vote
1365,Certain to vote
1366,Certain to vote
1367,Certain to vote
1368,Certain to vote
1369,Certain to vote
1370,Certain to vote
1371,Certain to vote
1372,Certain to vote
1373,Will probably vote
1374,Certain to vote
1375,About 50/50 chance
1376,Certain to vote
1377,Certain to vote
1378,Probably will not vote
1379,Certain to vote
1380,Certain to vote
1381,Certain to vote
1382,Certain to vote
1383,Certain to vote
1384,Certain to vote
1385,Certain to vote
1386,Certain to vote
1387,Certain to vote
1388,Will probably vote
1389,Certain to vote
1390,Certain to vote
1391,Certain to vote
1392,Certain to vote
1393,Probably will not vote
1394,Will probably vote
1395,Certain to vote
1396,Will probably vote
1397,Certain to vote
1398,Certain to vote
1399,Certain to vote
1400,Certain to vote
1401,About 50/50 chance
1402,Certain to vote
1403,Certain to vote
1404,Certain to vote
1405,Certain to vote
1406,Certain to vote
1407,Certain to vote
1408,Certain to vote
1409,Certain to vote
1410,Certain to vote
1411,Certain to vote
1412,Certain to vote
1413,Certain to vote
1414,Certain to vote
1415,About 50/50 chance
1416,Probably will not vote
1417,Certain to vote
1418,Certain to vote
1419,Certain to vote
1420,Certain to vote
1421,Certain to vote
1422,Certain to vote
1423,About 50/50 chance
1424,Certain to vote
1425,Certain to vote
1426,Certain to vote
1427,Certain to vote
1428,About 50/50 chance
1429,Certain to vote
1430,Certain to vote
1431,Certain to vote
1432,Certain to vote
1433,About 50/50 chance
1434,Certain to vote
1435,About 50/50 chance
1436,About 50/50 chance
1437,About 50/50 chance
1438,About 50/50 chance
1439,Certain to vote
1440,Certain to vote
1441,Certain to vote
1442,Certain to vote
1443,Will probably vote
1444,About 50/50 chance
1445,Certain to vote
1446,Certain to vote
1447,Certain to vote
1448,Certain to vote
1449,Probably will not vote
1450,Certain to vote
1451,Will probably vote
1452,About 50/50 chance
1453,Probably will not vote
1454,Will probably vote
1455,Probably will not vote
1456,Certain to vote
1457,Will probably vote
1458,Certain to vote
1459,Certain to vote
1460,Not sure
1461,Will probably vote
1462,Certain to vote
1463,Certain to vote
1464,Certain to vote
1465,About 50/50 chance
1466,Will probably vote
1467,About 50/50 chance
1468,Certain to vote
1469,Certain to vote
1470,Certain to vote
1471,Will probably vote
1472,Certain to vote
1473,Certain to vote
1474,Certain to vote
1475,Certain to vote
1476,Certain to vote
1477,Certain to vote
1478,Certain to vote
1479,Certain to vote
1480,Certain to vote
1481,Probably will not vote
1482,Certain to vote
1483,Will probably vote
1484,Certain to vote
1485,Will probably vote
1486,Will probably vote
1487,About 50/50 chance
1488,Certain to vote
1489,Certain to vote
1490,Certain to vote
1491,About 50/50 chance
1492,Certain to vote
1493,Certain to vote
1494,Certain to vote
1495,Certain to vote
1496,About 50/50 chance
1497,Will probably vote
1498,Certain to vote
1499,Certain to vote
1500,Will probably vote
1501,Certain to vote
1502,Certain to vote
1503,Will probably vote
1504,Will probably vote
1505,Probably will not vote
1506,Certain to vote
1507,Certain to vote
1508,Certain to vote
1509,Certain to vote
1510,Certain to vote
1511,Will probably vote
1512,Certain to vote
1513,Certain to vote
1514,Certain to vote
1515,Certain to vote
1516,Certain to vote
1517,Will probably vote
1518,Certain to vote
1519,Certain to vote
1520,Certain to vote
1521,Certain to vote
1522,Certain to vote
1523,Certain to vote
1524,Certain to vote
1525,About 50/50 chance
1526,Certain to vote
1527,Certain to vote
1528,About 50/50 chance
1529,About 50/50 chance
1530,Certain to vote
1531,Will probably vote
1532,About 50/50 chance
1533,Certain to vote
1534,About 50/50 chance
1535,Will probably vote
1536,Will probably vote
1537,Certain to vote
1538,Will probably vote
1539,Certain to vote
1540,Certain to vote
1541,Certain to vote
1542,Certain to vote
1543,Will probably vote
1544,Certain to vote
1545,Certain to vote
1546,About 50/50 chance
1547,Will probably vote
1548,About 50/50 chance
1549,About 50/50 chance
1550,Will probably vote
1551,Certain to vote
1552,About 50/50 chance
1553,Certain to vote
1554,Certain to vote
1555,Certain to vote
1556,Certain to vote
1557,Certain to vote
1558,About 50/50 chance
1559,About 50/50 chance
1560,About 50/50 chance
1561,Certain to vote
1562,Will probably vote
1563,Not sure
1564,Will probably vote
1565,Certain to vote
1566,Certain to vote
1567,Probably will not vote
1568,Certain to vote
1569,Certain to vote
1570,Certain to vote
1571,Certain to vote
1572,Certain to vote
1573,Certain to vote
1574,Certain to vote
1575,Certain to vote
1576,Certain to vote
1577,Certain to vote
1578,About 50/50 chance
1579,Certain to vote
1580,Certain to vote
1581,Certain to vote
1582,About 50/50 chance
1583,Certain to vote
1584,Certain to vote
1585,Certain to vote
1586,Certain to vote
1587,Certain to vote
1588,Certain to vote
1589,Certain to vote
1590,Certain to vote
1591,Certain to vote
1592,Will probably vote
1593,Certain to vote
1594,Certain to vote
1595,Certain to vote
1596,Certain to vote
1597,About 50/50 chance
1598,Will probably vote
1599,Certain to vote
1600,Certain to vote
1601,Certain to vote
1602,Certain to vote
1603,Certain to vote
1604,Certain to vote
1605,Will probably vote
1606,Certain to vote
1607,Certain to vote
1608,Probably will not vote
1609,Certain to vote
1610,Certain to vote
1611,Certain to vote
1612,Will probably vote
1613,Certain to vote
1614,About 50/50 chance
1615,Certain to vote
1616,About 50/50 chance
1617,Certain to vote
1618,Certain to vote
1619,Certain to vote
1620,Certain to vote
1621,About 50/50 chance
1622,Will probably vote
1623,Probably will not vote
1624,Certain to vote
1625,Will probably vote
1626,Certain to vote
1627,Certain to vote
1628,Certain to vote
1629,Certain to vote
1630,Certain to vote
1631,Certain to vote
1632,Certain to vote
1633,Certain to vote
1634,Certain to vote
1635,Will probably vote
1636,Certain to vote
1637,Will probably vote
1638,Certain to vote
1639,About 50/50 chance
1640,Certain to vote
1641,Certain to vote
1642,Certain to vote
1643,Certain to vote
1644,About 50/50 chance
1645,Certain to vote
1646,Certain to vote
1647,Certain to vote
1648,Certain to vote
1649,Will probably vote
1650,Will probably vote
1651,Certain to vote
1652,Certain to vote
1653,Certain to vote
1654,Certain to vote
1655,Will probably vote
1656,Certain to vote
1657,Certain to vote
1658,Certain to vote
1659,Certain to vote
1660,Certain to vote
1661,Certain to vote
1662,Certain to vote
1663,Certain to vote
1664,Certain to vote
1665,Certain to vote
1666,Certain to vote
1667,Will probably vote
1668,About 50/50 chance
1669,Certain to vote
1670,Certain to vote
1671,Will probably vote
1672,Not sure
1673,About 50/50 chance
1674,Certain to vote
1675,About 50/50 chance
1676,Certain to vote
1677,Will probably vote
1678,About 50/50 chance
1679,Certain to vote
1680,Will probably vote
1681,Certain to vote
1682,Will probably vote
1683,Will probably vote
1684,Certain to vote
1685,Certain to vote
1686,Certain to vote
1687,Certain to vote
1688,Certain to vote
1689,Certain to vote
1690,Certain to vote
1691,Not sure
1692,Certain to vote
1693,Certain to vote
1694,Certain to vote
1695,Certain to vote
1696,About 50/50 chance
1697,Certain to vote
1698,About 50/50 chance
1699,Will probably vote
1700,Certain to vote
1701,Will probably vote
1702,About 50/50 chance
1703,About 50/50 chance
1704,Certain to vote
1705,Certain to vote
1706,Certain to vote
1707,Certain to vote
1708,Certain to vote
1709,Certain to vote
1710,About 50/50 chance
1711,About 50/50 chance
1712,Will probably vote
1713,About 50/50 chance
1714,Certain to vote
1715,Certain to vote
1716,Certain to vote
1717,Will probably vote
1718,Certain to vote
1719,Will probably vote
1720,Will probably vote
1721,Certain to vote
1722,Certain to vote
1723,Certain to vote
1724,Certain to vote
1725,Certain to vote
1726,Certain to vote
1727,Will probably vote
1728,Certain to vote
1729,Certain to vote
1730,Will probably vote
1731,Certain to vote
1732,About 50/50 chance
1733,Certain to vote
1734,About 50/50 chance
1735,Certain to vote
1736,Certain to vote
1737,Will probably vote
1738,Certain to vote
1739,Certain to vote
1740,About 50/50 chance
1741,Certain to vote
1742,Certain to vote
1743,Will probably vote
1744,Certain to vote
1745,About 50/50 chance
1746,Certain to vote
1747,Certain to vote
1748,About 50/50 chance
1749,Certain to vote
1750,Certain to vote
1751,Will probably vote
1752,Will probably vote
1753,About 50/50 chance
1754,Certain to vote
1755,Will probably vote
1756,Certain to vote
1757,Certain to vote
1758,Certain to vote
1759,Certain to vote
1760,Certain to vote
1761,Will probably vote
1762,Certain to vote
1763,Certain to vote
1764,Certain to vote
1765,Certain to vote
1766,Certain to vote
1767,Certain to vote
1768,About 50/50 chance
1769,Certain to vote
1770,Certain to vote
1771,Certain to vote
1772,Certain to vote
1773,Certain to vote
1774,Certain to vote
1775,Certain to vote
1776,Certain to vote
1777,Probably will not vote
1778,Certain to vote
1779,Certain to vote
1780,Certain to vote
1781,Will probably vote
1782,Certain to vote
1783,Certain to vote
1784,Not sure
1785,Certain to vote
1786,Certain to vote
1787,Probably will not vote
1788,Not sure
1789,Certain to vote
1790,Certain to vote
1791,Certain to vote
1792,Certain to vote
1793,Certain to vote
1794,Will probably vote
1795,Certain to vote
1796,About 50/50 chance
1797,Certain to vote
1798,Certain to vote
1799,Certain to vote
1800,Will probably vote
1801,Certain to vote
1802,Will probably vote
1803,Will probably vote
1804,Certain to vote
1805,Certain to vote
1806,Certain to vote
1807,Certain to vote
1808,Will probably vote
1809,Will probably vote
1810,Not sure
1811,Certain to vote
1812,Will probably vote
1813,Certain to vote
1814,Certain to vote
1815,Certain to vote
1816,Certain to vote
1817,Certain to vote
1818,Certain to vote
1819,Certain to vote
1820,Certain to vote
1821,Certain to vote
1822,Certain to vote
1823,Not sure
1824,Certain to vote
1825,Certain to vote
1826,Will probably vote
1827,Certain to vote
1828,About 50/50 chance
1829,Certain to vote
1830,Certain to vote
1831,About 50/50 chance
1832,Certain to vote
1833,About 50/50 chance
1834,Probably will not vote
1835,Certain to vote
1836,Certain to vote
1837,Certain to vote
1838,Certain to vote
1839,Certain to vote
1840,Will probably vote
1841,Certain to vote
1842,Certain to vote
1843,Certain to vote
1844,Certain to vote
1845,Not sure
1846,Certain to vote
1847,Certain to vote
1848,Certain to vote
1849,Certain to vote
1850,Certain to vote
1851,About 50/50 chance
1852,Certain to vote
1853,Certain to vote
1854,Certain to vote
1855,Certain to vote
1856,Certain to vote
1857,Will probably vote
1858,About 50/50 chance
1859,Certain to vote
1860,Will probably vote
1861,About 50/50 chance
1862,Certain to vote
1863,Certain to vote
1864,Certain to vote
1865,Certain to vote
1866,Certain to vote
1867,About 50/50 chance
1868,About 50/50 chance
1869,Will probably vote
1870,Will probably vote
1871,Will probably vote
1872,Will probably vote
1873,Certain to vote
1874,Certain to vote
1875,Certain to vote
1876,Certain to vote
1877,Will probably vote
1878,Certain to vote
1879,Certain to vote
1880,Certain to vote
1881,Will probably vote
1882,About 50/50 chance
1883,Certain to vote
1884,Not sure
1885,Certain to vote
1886,Certain to vote
1887,Will probably vote
1888,Certain to vote
1889,Certain to vote
1890,About 50/50 chance
1891,Certain to vote
1892,About 50/50 chance
1893,Certain to vote
1894,Will probably vote
1895,Certain to vote
1896,Certain to vote
1897,Certain to vote
1898,Certain to vote
1899,Will probably vote
1900,Certain to vote
1901,Certain to vote
1902,Will probably vote
1903,Will probably vote
1904,Certain to vote
1905,Certain to vote
1906,Certain to vote
1907,Will probably vote
1908,About 50/50 chance
1909,Certain to vote
1910,Certain to vote
1911,Certain to vote
1912,About 50/50 chance
1913,Certain to vote
1914,About 50/50 chance
1915,About 50/50 chance
1916,Certain to vote
1917,Certain to vote
1918,About 50/50 chance
1919,Certain to vote
1920,Certain to vote
1921,Certain to vote
1922,Certain to vote
1923,Certain to vote
1924,Certain to vote
1925,Certain to vote
1926,Certain to vote
1927,Certain to vote
1928,Certain to vote
1929,Will probably vote
1930,Will probably vote
1931,Certain to vote
1932,Certain to vote
1933,Will probably vote
1934,Certain to vote
1935,Certain to vote
1936,Certain to vote
1937,Certain to vote
1938,Certain to vote
1939,About 50/50 chance
1940,Certain to vote
1941,Certain to vote
1942,Certain to vote
1943,Will probably vote
1944,About 50/50 chance
1945,Certain to vote
1946,Certain to vote
1947,Certain to vote
1948,Certain to vote
1949,About 50/50 chance
1950,Certain to vote
1951,Certain to vote
1952,Certain to vote
1953,Certain to vote
1954,Certain to vote
1955,Certain to vote
1956,Certain to vote
1957,Certain to vote
1958,About 50/50 chance
1959,Certain to vote
1960,Certain to vote
1961,Will probably vote
1962,Certain to vote
1963,Certain to vote
1964,Will probably vote
1965,Certain to vote
1966,Certain to vote
1967,Certain to vote
1968,Certain to vote
1969,Certain to vote
1970,Certain to vote
1971,Certain to vote
1972,Will probably vote
1973,Probably will not vote
1974,Certain to vote
1975,Certain to vote
1976,About 50/50 chance
1977,Certain to vote
1978,Certain to vote
1979,Will probably vote
1980,Probably will not vote
1981,Certain to vote
1982,Certain to vote
1983,Certain to vote
1984,Certain to vote
1985,Certain to vote
1986,Will probably vote
1987,Certain to vote
1988,Certain to vote
1989,Certain to vote
1990,About 50/50 chance
1991,Certain to vote
1992,Certain to vote
1993,Not sure
1994,Probably will not vote
1995,Certain to vote
1996,Certain to vote
1997,Certain to vote
1998,Certain to vote
1999,Certain to vote
2000,Will probably vote
2001,Will probably vote
2002,Certain to vote
2003,Will probably vote
2004,Certain to vote
2005,Certain to vote
2006,Certain to vote
2007,Certain to vote
2008,Certain to vote
2009,About 50/50 chance
2010,Certain to vote
2011,Certain to vote
2012,Certain to vote
2013,Certain to vote
2014,Certain to vote
2015,Certain to vote
2016,Not sure
2017,About 50/50 chance
2018,Certain to vote
2019,Certain to vote
2020,Will probably vote
2021,Certain to vote
2022,Certain to vote
2023,Certain to vote
2024,About 50/50 chance
2025,Certain to vote
2026,Will probably vote
2027,Certain to vote
2028,Certain to vote
2029,Certain to vote
2030,Certain to vote
2031,Certain to vote
2032,Certain to vote
2033,Certain to vote
2034,Certain to vote
2035,Probably will not vote
2036,Will probably vote
2037,Certain to vote
2038,Will probably vote
2039,Will probably vote
2040,Probably will not vote
2041,About 50/50 chance
2042,Certain to vote
2043,Certain to vote
2044,Certain to vote
2045,Will probably vote
2046,Will probably vote
2047,Certain to vote
2048,Certain to vote
2049,Certain to vote
2050,Certain to vote
2051,Certain to vote
2052,Will probably vote
2053,Certain to vote
2054,Certain to vote
2055,Certain to vote
2056,About 50/50 chance
2057,Will probably vote
2058,Not sure
2059,Certain to vote
2060,Will probably vote
2061,Will probably vote
2062,Certain to vote
2063,Will probably vote
2064,Certain to vote
2065,Certain to vote
2066,About 50/50 chance
2067,Certain to vote
2068,Will probably vote
2069,Certain to vote
2070,Certain to vote
2071,Certain to vote
2072,Certain to vote
2073,About 50/50 chance
2074,Not sure
2075,Certain to vote
2076,Certain to vote
2077,Certain to vote
2078,Certain to vote
2079,Will probably vote
2080,Not sure
2081,Will probably vote
2082,Certain to vote
2083,Certain to vote
2084,About 50/50 chance
2085,Certain to vote
2086,About 50/50 chance
2087,Certain to vote
2088,Will probably vote
2089,Certain to vote
2090,Certain to vote
2091,Certain to vote
2092,About 50/50 chance
2093,Certain to vote
2094,Certain to vote
2095,Certain to vote
2096,Certain to vote
2097,About 50/50 chance
2098,Will probably vote
2099,Certain to vote
2100,Will probably vote
2101,Certain to vote
2102,Certain to vote
2103,Certain to vote
2104,Certain to vote
2105,Will probably vote
2106,Certain to vote
2107,Certain to vote
2108,Probably will not vote
2109,Probably will not vote
2110,Certain to vote
2111,Certain to vote
2112,Certain to vote
2113,Certain to vote
2114,Probably will not vote
2115,Certain to vote
2116,About 50/50 chance
2117,Certain to vote
2118,Not sure
2119,Will probably vote
2120,Certain to vote
2121,Will probably vote
2122,Certain to vote
2123,Certain to vote
2124,Certain to vote
2125,Certain to vote
2126,Certain to vote
2127,Certain to vote
2128,About 50/50 chance
2129,Certain to vote
2130,Certain to vote
2131,Certain to vote
2132,Will probably vote
2133,Certain to vote
2134,Certain to vote
2135,Certain to vote
2136,Certain to vote
2137,Certain to vote
2138,Certain to vote
2139,Will probably vote
2140,About 50/50 chance
2141,Certain to vote
2142,Certain to vote
2143,Certain to vote
2144,Certain to vote
2145,Certain to vote
2146,Certain to vote
2147,Certain to vote
2148,Certain to vote
2149,Certain to vote
2150,Probably will not vote
2151,About 50/50 chance
2152,Certain to vote
2153,Certain to vote
2154,Certain to vote
2155,Certain to vote
2156,Will probably vote
2157,Certain to vote
2158,Certain to vote
2159,Certain to vote
2160,Certain to vote
2161,Will probably vote
2162,Certain to vote
2163,Certain to vote
2164,Certain to vote
2165,Will probably vote
2166,Certain to vote
2167,Certain to vote
2168,Certain to vote
2169,Certain to vote
2170,Certain to vote
2171,Certain to vote
2172,Certain to vote
2173,Certain to vote
2174,Certain to vote
2175,Certain to vote
2176,Certain to vote
2177,Will probably vote
2178,Certain to vote
2179,Certain to vote
2180,Will probably vote
2181,Certain to vote
2182,Certain to vote
2183,Will probably vote
2184,About 50/50 chance
2185,Certain to vote
2186,Certain to vote
2187,Certain to vote
2188,Certain to vote
2189,Certain to vote
2190,Certain to vote
2191,Will probably vote
2192,About 50/50 chance
2193,Certain to vote
2194,Certain to vote
2195,Certain to vote
2196,Will probably vote
2197,Certain to vote
2198,Certain to vote
2199,Certain to vote
2200,Certain to vote
2201,Certain to vote
2202,About 50/50 chance
2203,Certain to vote
2204,Certain to vote
2205,Certain to vote
2206,Certain to vote
2207,Certain to vote
2208,Certain to vote
2209,Certain to vote
2210,Certain to vote
2211,Certain to vote
2212,Certain to vote
2213,Will probably vote
2214,Certain to vote
2215,Will probably vote
2216,Certain to vote
2217,Will probably vote
2218,Certain to vote
2219,Certain to vote
2220,Certain to vote
2221,Will probably vote
2222,Certain to vote
2223,Certain to vote
2224,Certain to vote
2225,Certain to vote
2226,Certain to vote
2227,Certain to vote
2228,Certain to vote
2229,Certain to vote
2230,Certain to vote
2231,Certain to vote
2232,Certain to vote
2233,Certain to vote
2234,Will probably vote
2235,Certain to vote
2236,Certain to vote
2237,Certain to vote
2238,Certain to vote
2239,Certain to vote
2240,Certain to vote
2241,Certain to vote
2242,Certain to vote
2243,Certain to vote
2244,Probably will not vote
2245,Certain to vote
2246,Certain to vote
2247,Will probably vote
2248,Certain to vote
2249,Probably will not vote
2250,Will probably vote
2251,Certain to vote
2252,Certain to vote
2253,Certain to vote
2254,Certain to vote
2255,Will probably vote
2256,Certain to vote
2257,Will probably vote
2258,Certain to vote
2259,Certain to vote
2260,Probably will not vote
2261,Certain to vote
2262,Certain to vote
2263,Will probably vote
2264,Certain to vote
2265,About 50/50 chance
2266,Will probably vote
2267,Certain to vote
2268,Probably will not vote
2269,Probably will not vote
2270,Certain to vote
2271,Certain to vote
2272,Certain to vote
2273,About 50/50 chance
2274,Certain to vote
2275,Certain to vote
2276,About 50/50 chance
2277,Certain to vote
2278,Certain to vote
2279,Certain to vote
2280,Certain to vote
2281,Certain to vote
2282,Not sure
2283,Will probably vote
2284,Certain to vote
2285,Will probably vote
2286,Certain to vote
2287,Certain to vote
2288,Certain to vote
2289,Certain to vote
2290,Certain to vote
2291,Certain to vote
2292,Certain to vote
2293,Certain to vote
2294,Certain to vote
2295,Will probably vote
2296,About 50/50 chance
2297,About 50/50 chance
2298,Certain to vote
2299,Certain to vote
2300,Certain to vote
2301,Will probably vote
2302,Certain to vote
2303,Certain to vote
2304,About 50/50 chance
2305,Not sure
2306,Will probably vote
2307,Certain to vote
2308,Will probably vote
2309,Certain to vote
2310,Probably will not vote
2311,Certain to vote
2312,Certain to vote
2313,Certain to vote
2314,About 50/50 chance
2315,Will probably vote
2316,Certain to vote
2317,About 50/50 chance
2318,Certain to vote
2319,Certain to vote
2320,Certain to vote
2321,Certain to vote
2322,Will probably vote
2323,Certain to vote
2324,Certain to vote
2325,Certain to vote
2326,Certain to vote
2327,Certain to vote
2328,Will probably vote
2329,Certain to vote
2330,Will probably vote
2331,Certain to vote
2332,Probably will not vote
2333,Certain to vote
2334,Certain to vote
2335,Certain to vote
2336,Certain to vote
2337,Certain to vote
2338,Will probably vote
2339,Certain to vote
2340,Certain to vote
2341,Certain to vote
2342,About 50/50 chance
2343,Certain to vote
2344,Certain to vote
2345,Certain to vote
2346,Certain to vote
2347,About 50/50 chance
2348,Certain to vote
2349,Probably will not vote
2350,About 50/50 chance
2351,Certain to vote
2352,Certain to vote
2353,Certain to vote
2354,Certain to vote
2355,Will probably vote
2356,Certain to vote
2357,About 50/50 chance
2358,Will probably vote
2359,Certain to vote
2360,Will probably vote
2361,Will probably vote
2362,Certain to vote
2363,Certain to vote
2364,About 50/50 chance
2365,Certain to vote
2366,Certain to vote
2367,Will probably vote
2368,Certain to vote
2369,Certain to vote
2370,Certain to vote
2371,Certain to vote
2372,Certain to vote
2373,Certain to vote
2374,Certain to vote
2375,Probably will not vote
2376,Certain to vote
2377,Will probably vote
2378,Certain to vote
2379,Will probably vote
2380,Certain to vote
2381,Certain to vote
2382,About 50/50 chance
2383,Certain to vote
2384,Will probably vote
2385,Will probably vote
2386,Certain to vote
2387,About 50/50 chance
2388,Certain to vote
2389,Certain to vote
2390,Certain to vote
2391,Will probably vote
2392,Will probably vote
2393,About 50/50 chance
2394,About 50/50 chance
2395,Certain to vote
2396,Certain to vote
2397,Certain to vote
2398,Will probably vote
2399,Certain to vote
2400,Certain to vote
2401,Certain to vote
2402,Certain to vote
2403,Certain to vote
2404,About 50/50 chance
2405,Certain to vote
2406,Certain to vote
2407,Certain to vote
2408,Will probably vote
2409,Certain to vote
2410,Certain to vote
2411,About 50/50 chance
2412,Will probably vote
2413,Certain to vote
2414,About 50/50 chance
2415,About 50/50 chance
2416,Will probably vote
2417,Will probably vote
2418,Certain to vote
2419,Certain to vote
2420,Certain to vote
2421,Will probably vote
2422,Certain to vote
2423,Certain to vote
2424,Certain to vote
2425,Certain to vote
2426,Certain to vote
2427,Not sure
2428,Certain to vote
2429,Certain to vote
2430,Probably will not vote
2431,Will probably vote
2432,Certain to vote
2433,Certain to vote
2434,Will probably vote
2435,Certain to vote
2436,Certain to vote
2437,About 50/50 chance
2438,Certain to vote
2439,Certain to vote
2440,Probably will not vote
2441,About 50/50 chance
2442,Certain to vote
2443,Will probably vote
2444,Certain to vote
2445,Certain to vote
2446,About 50/50 chance
2447,Certain to vote
2448,Certain to vote
2449,Will probably vote
2450,Probably will not vote
2451,Will probably vote
2452,Certain to vote
2453,Certain to vote
2454,About 50/50 chance
2455,Will probably vote
2456,Will probably vote
2457,Will probably vote
2458,Certain to vote
2459,Certain to vote
2460,Not sure
2461,Certain to vote
2462,Certain to vote
2463,Certain to vote
2464,Certain to vote
2465,Certain to vote
2466,Certain to vote
2467,Certain to vote
2468,About 50/50 chance
2469,Certain to vote
2470,Certain to vote
2471,About 50/50 chance
2472,Certain to vote
2473,Certain to vote
2474,Certain to vote
2475,Certain to vote
2476,Certain to vote
2477,Certain to vote
2478,Certain to vote
2479,Certain to vote
2480,Probably will not vote
2481,About 50/50 chance
2482,Certain to vote
2483,Will probably vote
2484,Certain to vote
2485,Certain to vote
2486,Certain to vote
2487,Will probably vote
2488,Certain to vote
2489,Certain to vote
2490,Will probably vote
2491,Certain to vote
2492,Probably will not vote
2493,Certain to vote
2494,Certain to vote
2495,Certain to vote
2496,Certain to vote
2497,Certain to vote
2498,Certain to vote
2499,Will probably vote
2500,About 50/50 chance
2501,Certain to vote
2502,Certain to vote
2503,Certain to vote
2504,Certain to vote
2505,Certain to vote
2506,Certain to vote
2507,Certain to vote
2508,About 50/50 chance
2509,Certain to vote
2510,Will probably vote
2511,Certain to vote
2512,Certain to vote
2513,About 50/50 chance
2514,Will probably vote
2515,About 50/50 chance
2516,Certain to vote
2517,About 50/50 chance
2518,Certain to vote
2519,Certain to vote
2520,Will probably vote
2521,Certain to vote
2522,Will probably vote
2523,Will probably vote
2524,Certain to vote
2525,Certain to vote
2526,About 50/50 chance
2527,Certain to vote
2528,Certain to vote
2529,Certain to vote
2530,Certain to vote
2531,About 50/50 chance
2532,Certain to vote
2533,Certain to vote
2534,Certain to vote
2535,Certain to vote
2536,Will probably vote
2537,Certain to vote
2538,Certain to vote
2539,Certain to vote
2540,Certain to vote
2541,Certain to vote
2542,Certain to vote
2543,Certain to vote
2544,Will probably vote
2545,About 50/50 chance
2546,Will probably vote
2547,Certain to vote
2548,Certain to vote
2549,Certain to vote
2550,Certain to vote
2551,Certain to vote
2552,Certain to vote
2553,Certain to vote
2554,Will probably vote
2555,Will probably vote
2556,Certain to vote
2557,Certain to vote
2558,Will probably vote
2559,Will probably vote
2560,Certain to vote
2561,Certain to vote
2562,Will probably vote
2563,Certain to vote
2564,Probably will not vote
2565,Certain to vote
2566,Certain to vote
2567,Certain to vote
2568,Certain to vote
2569,Certain to vote
2570,Certain to vote
2571,Certain to vote
2572,Certain to vote
2573,Certain to vote
2574,Certain to vote
2575,Certain to vote
2576,Certain to vote
2577,Will probably vote
2578,Certain to vote
2579,Certain to vote
2580,Certain to vote
2581,Certain to vote
2582,Certain to vote
2583,Will probably vote
2584,Certain to vote
2585,Will probably vote
2586,Certain to vote
2587,Will probably vote
2588,Certain to vote
2589,Certain to vote
2590,Certain to vote
2591,About 50/50 chance
2592,Certain to vote
2593,Not sure
2594,Certain to vote
2595,Not sure
2596,Will probably vote
2597,Certain to vote
2598,About 50/50 chance
2599,About 50/50 chance
2600,Certain to vote
2601,Certain to vote
2602,Certain to vote
2603,Certain to vote
2604,Certain to vote
2605,Certain to vote
2606,Will probably vote
2607,Certain to vote
2608,Certain to vote
2609,Certain to vote
2610,Will probably vote
2611,Certain to vote
2612,Certain to vote
2613,Probably will not vote
2614,Will probably vote
2615,Certain to vote
2616,About 50/50 chance
2617,Certain to vote
2618,Certain to vote
2619,Will probably vote
2620,About 50/50 chance
2621,Probably will not vote
2622,Certain to vote
2623,Will probably vote
2624,Not sure
2625,Will probably vote
2626,Certain to vote
2627,Certain to vote
2628,Certain to vote
2629,Will probably vote
2630,Certain to vote
2631,Will probably vote
2632,Certain to vote
2633,Certain to vote
2634,Will probably vote
2635,Certain to vote
2636,Certain to vote
2637,Certain to vote
2638,Probably will not vote
2639,Certain to vote
2640,Certain to vote
2641,Certain to vote
2642,About 50/50 chance
2643,Certain to vote
2644,Probably will not vote
2645,Certain to vote
2646,Certain to vote
2647,Certain to vote
2648,Certain to vote
2649,Certain to vote
2650,Certain to vote
2651,Certain to vote
2652,Will probably vote
2653,Certain to vote
2654,Will probably vote
2655,Certain to vote
2656,Not sure
2657,Certain to vote
2658,Certain to vote
2659,Certain to vote
2660,Certain to vote
2661,Will probably vote
2662,About 50/50 chance
2663,Certain to vote
2664,Certain to vote
2665,Certain to vote
2666,Certain to vote
2667,Certain to vote
2668,Certain to vote
2669,Certain to vote
2670,Certain to vote
2671,About 50/50 chance
2672,Certain to vote
2673,Certain to vote
2674,Certain to vote
2675,About 50/50 chance
2676,Probably will not vote
2677,Certain to vote
2678,Certain to vote
2679,Certain to vote
2680,Certain to vote
2681,Certain to vote
2682,Certain to vote
2683,Certain to vote
2684,Certain to vote
2685,Certain to vote
2686,Certain to vote
2687,Certain to vote
2688,Will probably vote
2689,Certain to vote
2690,Certain to vote
2691,About 50/50 chance
2692,Certain to vote
2693,About 50/50 chance
2694,About 50/50 chance
2695,Certain to vote
2696,Certain to vote
2697,Certain to vote
2698,Probably will not vote
2699,Certain to vote
2700,Certain to vote
2701,Will probably vote
2702,Certain to vote
2703,Certain to vote
2704,Will probably vote
2705,Certain to vote
2706,Certain to vote
2707,Certain to vote
2708,Not sure
2709,Certain to vote
2710,About 50/50 chance
2711,Certain to vote
2712,Certain to vote
2713,Certain to vote
2714,Probably will not vote
2715,Certain to vote
2716,Certain to vote
2717,Certain to vote
2718,Not sure
2719,Certain to vote
2720,Certain to vote
2721,Not sure
2722,Certain to vote
2723,Certain to vote
2724,Certain to vote
2725,Will probably vote
2726,Certain to vote
2727,Certain to vote
2728,Certain to vote
2729,Certain to vote
2730,Probably will not vote
2731,Certain to vote
2732,Certain to vote
2733,Certain to vote
2734,Certain to vote
2735,Certain to vote
2736,Certain to vote
2737,Certain to vote
2738,Certain to vote
2739,Certain to vote
2740,Certain to vote
2741,Certain to vote
2742,Certain to vote
2743,About 50/50 chance
2744,Certain to vote
2745,Certain to vote
2746,Certain to vote
2747,Certain to vote
2748,Certain to vote
2749,Will probably vote
2750,About 50/50 chance
2751,Certain to vote
2752,About 50/50 chance
2753,Will probably vote
2754,Certain to vote
2755,Certain to vote
2756,Certain to vote
2757,Will probably vote
2758,Not sure
2759,Will probably vote
